ID,gender,sales,days,frequency,discount_freq,discount_price,label
1,1,4963160,3303,22,1,5445,1
2,0,2271520,3129,38,22,350995,1
3,0,2484250,3636,2,6,186045,1
4,0,2778850,3637,9,1,5195,1
5,0,4437610,3638,10,9,246350,1
6,0,10720400,3639,4,20,348145,1
7,1,7228460,3244,11,30,380945,1
8,0,8790450,1940,34,4,354735,1
9,0,9759800,1940,6,17,364895,1
10,0,4077660,3643,95,27,357645,1
11,0,2125010,1456,18,23,379900,1
12,0,2055120,3428,8,22,350050,1
13,0,3168400,3646,14,1,4500,1
14,0,2555650,3647,28,14,334100,1
15,0,2110000,3648,2,23,380200,1
16,0,3385460,3649,3,30,379750,1
17,1,1948100,1721,7,18,342145,1
18,0,6780130,2162,45,22,350745,1
19,1,3154780,3652,11,16,365845,1
20,0,2708850,3653,53,23,380345,1
21,0,4153320,2221,11,20,346850,1
22,0,3945600,3655,8,15,325100,1
23,0,2765000,3656,4,3,43695,1
24,0,6179500,3657,4,11,296450,1
25,1,6480930,2238,9,27,357895,1
26,0,2570550,3659,12,23,380845,1
27,1,1946470,3660,18,7,210500,1
28,0,3265440,1505,37,15,326295,1
29,0,2517860,3171,29,3,43000,1
30,0,2199380,3456,9,28,375900,1
31,0,5130680,3664,34,12,214435,1
32,0,3206640,2266,13,22,351495,1
33,1,1992050,3464,6,15,325350,1
34,1,3247500,3667,5,18,342645,1
35,0,10890430,3668,11,5,131150,1
36,1,2500700,1991,9,18,341645,1
37,0,4792880,3670,12,21,348445,1
38,0,2051500,1896,4,15,327045,1
39,0,5123900,3672,18,30,380500,1
40,0,2826250,1588,10,15,326795,1
41,1,4299850,2583,14,30,381695,1
42,0,3013140,1000,50,16,365900,1
43,0,3425570,3502,21,19,351635,1
44,0,9773200,1216,7,22,350550,1
45,0,4364460,3678,24,1,4945,1
46,0,2575350,2519,7,11,295950,1
47,1,3245650,3680,5,20,346950,1
48,1,2066760,3370,18,18,341895,1
49,1,2788830,1991,23,1,7400,1
50,0,3186080,3683,4,28,376650,1
51,0,2794500,3684,2,19,365795,1
52,0,3024660,3685,19,1,3750,1
53,0,2324550,1000,4,1,4250,1
54,0,4230500,1287,11,19,367045,1
55,0,10218050,1729,33,18,342395,1
56,0,6997660,1618,13,19,367945,1
57,0,3217260,3690,11,27,358145,1
58,0,2233680,3269,6,11,295450,1
59,0,3167980,1000,12,22,351745,1
60,1,3562550,3693,7,5,131150,1
61,1,5066830,3694,23,10,304645,1
62,0,3912100,3695,5,28,376150,1
63,0,6607480,3696,9,19,365600,1
64,0,2391500,2800,7,17,365395,1
65,0,2796860,2724,5,8,261200,1
66,0,2648000,3699,20,23,379900,1
67,1,1937900,1202,16,20,347600,1
68,0,2304900,3701,7,5,130900,1
69,0,4540390,3495,20,21,348000,1
70,0,4940180,3703,3,23,380145,1
71,1,14545400,3704,18,7,209250,1
72,1,2392650,3705,11,28,377345,1
73,0,4301270,3706,43,23,379595,1
74,0,2979800,1000,11,24,359750,1
75,0,3763400,1000,15,3,43500,1
76,0,2145750,2175,27,8,262645,1
77,1,4233850,3275,6,25,358495,1
78,1,5580380,3711,4,27,357200,1
79,0,2350300,3314,25,8,262145,1
80,0,5294230,1207,24,1,6900,1
81,0,3975000,1000,8,16,365650,1
82,0,2429250,3715,5,1,5195,1
83,0,2765860,2317,11,29,374050,1
84,1,4477540,3717,38,21,348445,1
85,0,1911390,3300,12,18,340700,1
86,0,3538100,3719,5,22,351245,1
87,1,3058100,1872,5,23,379200,1
88,1,2588400,1000,10,10,303950,1
89,0,4628840,3722,5,25,357550,1
90,0,6610590,1900,29,11,296700,1
91,0,1886100,3233,2,8,261450,1
92,0,3541490,2423,13,12,303445,1
93,0,41946980,3522,61,7,210945,1
94,0,5862290,3727,23,1,7400,1
95,0,2359200,3728,8,22,350800,1
96,0,3118420,3729,7,19,366295,1
97,0,5068930,1000,11,12,303945,1
98,0,2076600,1657,6,4,57700,1
99,0,3407900,3310,15,9,247100,1
100,0,3496680,3733,10,27,356450,1
101,0,9390120,3734,7,8,261700,1
102,0,7511900,3735,11,9,245850,1
103,0,2309070,3617,29,7,209750,1
104,0,2609850,1794,10,22,350300,1
105,1,7192650,3738,43,7,210250,1
106,0,9605490,3739,24,30,315600,1
107,0,3845650,3740,12,16,364650,1
108,0,8724870,3741,39,9,246350,1
109,0,8128800,3742,43,18,341200,1
110,0,2267450,3322,3,27,356950,1
111,0,2462800,3744,8,20,346850,1
112,1,6439600,1457,53,28,376900,1
113,0,3739770,3746,18,19,364850,1
114,0,3386790,3415,37,16,366345,1
115,1,9467440,3748,17,22,351245,1
116,0,8294990,3749,29,12,302250,1
117,1,4814660,3750,10,13,324545,1
118,0,8753990,3751,18,23,379700,1
119,1,2510830,3752,18,4,59145,1
120,0,4210010,3535,10,26,365400,1
121,1,5047300,3754,4,24,360445,1
122,1,3880420,3755,5,20,348045,1
123,0,5247520,1770,18,16,366845,1
124,0,1941820,1000,12,6,186100,1
125,0,2510150,1234,25,7,210445,1
126,0,3631280,1606,47,23,380095,1
127,0,3616490,2960,3,9,247545,1
128,0,3237740,3761,12,28,386200,1
129,1,4547770,2557,9,14,355000,1
130,0,2063730,3763,12,10,303950,1
131,0,9323000,1000,19,19,366545,1
132,0,2604300,3765,8,22,350050,1
133,0,9299790,3766,34,1,4500,1
134,0,1998490,3767,3,22,351245,1
135,0,3310700,1000,4,14,334600,1
136,1,2227600,3769,7,6,185600,1
137,0,6596740,2679,10,19,366045,1
138,0,2310000,3771,9,15,325350,1
139,1,4774000,3136,8,12,302750,1
140,0,3084450,1000,7,20,348045,1
141,0,4335240,3774,40,6,185350,1
142,1,3070450,3775,5,30,381445,1
143,0,19250170,3776,12,19,359400,1
144,0,3171300,3777,13,7,190035,1
145,1,5734230,3778,12,28,376845,1
146,1,6613410,3540,36,25,358300,1
147,0,2182900,2512,5,26,365400,1
148,0,2629050,3632,11,15,325350,1
149,0,6542710,3782,44,7,210000,1
150,0,3694700,2125,5,13,323350,1
151,0,7552070,2224,34,30,379750,1
152,0,5224840,1000,13,14,334350,1
153,1,3048070,1000,14,18,340950,1
154,0,7443220,3787,18,4,79100,1
155,1,2352050,3788,16,10,304895,1
156,1,5497840,2013,41,4,57950,1
157,1,2438700,1318,5,1,7150,1
158,1,8556160,3485,92,20,347395,1
159,1,5682530,3585,9,10,323535,1
160,0,3563750,3413,26,3,42750,1
161,1,3279130,1776,14,25,358745,1
162,0,4731400,3795,5,21,348945,1
163,0,3705140,1510,7,23,379400,1
164,0,3911800,3797,8,10,304700,1
165,1,2005750,1000,3,9,246350,1
166,1,23500530,3799,46,26,366345,1
167,1,2203350,3593,4,25,357800,1
168,0,3190290,1445,8,28,376845,1
169,0,7390280,3531,5,5,131095,1
170,1,2588800,1281,22,4,57950,1
171,0,3408240,2574,5,28,375650,1
172,0,5799600,1000,25,8,260450,1
173,0,6654900,3010,8,27,356450,1
174,0,7814370,2923,29,9,246600,1
175,0,2545080,3808,3,8,262145,1
176,0,2545350,2787,5,23,379450,1
177,0,6848220,1909,8,7,210695,1
178,0,5265860,1199,15,24,358750,1
179,0,4417450,3812,6,20,347200,1
180,0,2598820,3813,7,17,365645,1
181,0,1991640,3814,3,23,380095,1
182,0,3515660,1268,33,7,210695,1
183,0,7422670,2066,10,19,364850,1
184,0,4114880,3817,15,16,364900,1
185,0,3215270,3818,12,11,296395,1
186,0,7370290,3341,20,21,348945,1
187,0,2895370,3820,10,28,376400,1
188,0,3379820,3287,10,4,58700,1
189,0,4838350,3686,16,23,379595,1
190,0,4839120,3823,88,30,381445,1
191,0,7473830,3017,13,24,265635,1
192,1,2260300,1855,3,29,374050,1
193,1,2275200,3826,10,25,357550,1
194,0,3863050,3620,15,19,366250,1
195,0,3778200,3828,3,7,230900,1
196,0,3460960,3829,7,21,347945,1
197,0,4002290,3830,8,11,296895,1
198,0,2775620,3831,17,14,334600,1
199,0,8364850,3832,5,25,357050,1
200,1,2553200,3467,19,8,261395,1
201,0,2763190,3834,3,15,326100,1
202,1,4631300,3835,18,7,209750,1
203,0,3790000,1310,4,23,380095,1
204,0,1955000,2335,13,6,186545,1
205,0,21449000,2718,14,14,334100,1
206,0,2284510,3839,19,1,5945,1
207,0,4523390,3745,10,19,365350,1
208,0,11406550,3841,34,22,350495,1
209,0,4878440,3479,20,30,380500,1
210,0,21249060,3843,18,1,4250,1
211,0,4586990,3535,13,8,260950,1
212,0,7001310,2589,12,19,365600,1
213,1,26676000,3466,17,5,130650,1
214,0,3338750,3847,6,22,349550,1
215,1,10366800,1340,7,20,348545,1
216,1,2395150,1630,2,4,58895,1
217,0,15085020,2080,30,6,185600,1
218,0,1905040,3727,22,12,303500,1
219,1,2029900,3852,7,14,335295,1
220,0,3657550,3853,25,15,325850,1
221,0,6072250,3854,27,12,303500,1
222,0,2866550,1000,4,21,347250,1
223,1,4193720,2767,10,4,77535,1
224,1,3254850,1000,17,13,323795,1
225,0,3381010,2618,31,28,377845,1
226,0,2483230,5334,11,17,365145,1
227,1,4787460,3860,30,29,373550,1
228,0,1980230,3861,13,8,261895,1
229,0,2568150,1000,6,23,400600,1
230,1,3082460,3863,21,23,379200,1
231,0,2409660,1658,22,18,342645,1
232,0,4204150,3865,6,25,358745,1
233,0,7280850,3866,15,23,379150,1
234,1,2371770,3867,8,22,351245,1
235,0,2798500,1867,1,20,346450,1
236,0,3452320,3869,30,1,6650,1
237,0,4002100,3870,5,19,366695,1
238,1,1928250,3871,4,22,349800,1
239,0,7567630,3872,6,15,325795,1
240,1,2225510,3873,4,3,43945,1
241,1,2319100,1657,3,13,344500,1
242,0,2286390,3875,14,17,363700,1
243,0,2358100,3876,30,21,347000,1
244,0,2047000,1000,4,23,380395,1
245,1,6043400,3878,20,19,365100,1
246,1,13249060,3879,26,29,374550,1
247,0,3804000,1000,4,7,210945,1
248,1,2990500,3881,19,3,43250,1
249,0,4107650,3882,58,27,355950,1
250,1,2769600,2339,2,1,4945,1
251,1,2000000,3884,9,18,342145,1
252,0,2395000,3632,6,18,377500,1
253,1,3290880,3886,5,19,367445,1
254,0,2034530,3887,6,17,364395,1
255,0,7284000,3888,8,22,350495,1
256,0,3809020,3889,20,27,357645,1
257,0,2656160,3890,8,28,377095,1
258,1,2105500,3891,17,7,209750,1
259,0,4093470,3892,14,12,302500,1
260,0,3251490,3893,10,7,209500,1
261,1,26044960,3894,79,12,304445,1
262,0,2604760,2405,10,9,246600,1
263,0,2907300,3896,12,29,374300,1
264,1,4172650,3897,21,10,303450,1
265,1,14113090,975,12,20,346950,1
266,0,2681900,3414,5,18,341200,1
267,1,3348960,3900,31,21,347500,1
268,0,6055020,3901,24,5,132095,1
269,0,3318000,2561,8,27,357395,1
270,0,16992070,3903,32,21,347000,1
271,1,8127990,2282,18,8,262145,1
272,0,4944990,2262,15,20,347100,1
273,0,2574350,2590,5,23,379150,1
274,0,2304750,2914,12,18,340950,1
275,1,5400300,3908,5,1,7900,1
276,1,3191210,3909,11,30,380250,1
277,0,3153270,3769,8,5,131345,1
278,0,3185070,3911,33,24,380400,1
279,0,5922830,1000,23,21,347500,1
280,0,2748300,3913,12,11,295950,1
281,0,2240100,3914,2,10,305145,1
282,0,2254880,3602,17,29,374495,1
283,1,2578000,1316,2,26,365845,1
284,0,2536380,1616,7,25,357800,1
285,1,3489660,3912,16,20,347795,1
286,0,2648720,3919,19,17,363450,1
287,0,2858800,1669,8,19,365350,1
288,0,3122670,3921,8,4,57950,1
289,0,8546110,3922,65,24,360195,1
290,0,3513260,3923,25,22,350300,1
291,0,5480300,3206,21,10,304395,1
292,0,2286740,3925,6,8,262645,1
293,0,2739900,3926,24,3,43195,1
294,0,4061320,3836,11,12,303945,1
295,1,19361400,827,13,20,347895,1
296,1,3815000,3468,18,4,57950,1
297,0,2591350,2769,23,23,379700,1
298,1,3333900,1608,20,30,381945,1
299,0,8048480,3932,5,23,380395,1
300,0,1886100,3442,2,1,369700,1
301,0,4817810,1992,18,30,380000,0
302,0,2329590,2612,18,10,305145,0
303,0,3530500,3936,12,26,366595,0
304,0,20500350,3937,73,27,357145,0
305,0,9328620,3779,41,29,374050,0
306,0,4684660,3616,7,9,248045,0
307,0,3763020,3940,23,22,350995,0
308,0,2477900,1448,5,16,366345,0
309,0,8442690,2540,28,19,366295,0
310,0,5943240,3943,35,19,365750,0
311,0,4637260,2477,26,22,349550,0
312,0,3081960,3945,19,17,363700,0
313,0,2385080,3946,14,13,324100,0
314,0,11463160,2299,22,13,323600,0
315,0,3410520,3948,32,19,367195,0
316,0,2888150,3949,12,9,246850,0
317,0,1912540,3531,12,7,211195,0
318,0,2502500,3232,27,11,297645,0
319,1,13322780,3036,30,11,295950,0
320,0,10840510,3953,32,23,380645,0
321,0,6726200,3954,22,10,304450,0
322,1,5229290,3955,19,22,370935,0
323,0,2126610,3956,15,20,348100,0
324,1,6195890,3957,26,20,349045,0
325,0,7552670,3958,46,20,346700,0
326,0,2911980,3959,8,14,334795,0
327,0,2674900,2853,12,5,130150,0
328,0,8155940,3961,34,27,356700,0
329,0,2104920,3011,10,13,322850,0
330,1,47632350,3963,95,3,43945,0
331,0,10363920,3887,47,20,348545,0
332,0,10041030,3965,73,30,380750,0
333,0,2624000,3966,29,28,376900,0
334,0,2583310,3961,21,16,366845,0
335,0,4300430,2288,41,14,333850,0
336,0,3221920,3969,30,11,295700,0
337,1,4395480,2020,12,20,347645,0
338,0,7858650,3971,24,27,355950,0
339,1,3601060,3972,8,29,374550,0
340,0,3044900,3973,12,10,303700,0
341,0,2827940,2067,18,9,247545,0
342,1,8083470,3969,6,6,186295,0
343,1,21279530,3619,37,24,359695,0
344,0,4020710,3977,19,22,349800,0
345,1,5250100,1486,9,19,366750,0
346,0,3334300,3979,14,3,42250,0
347,0,2799090,3980,19,12,302750,0
348,1,6057650,1000,57,24,359250,0
349,1,18990930,3982,21,21,347750,0
350,0,8965380,1366,43,6,184850,0
351,0,4555120,3366,33,10,304395,0
352,0,2549200,3985,8,3,43000,0
353,0,2730300,3364,15,16,365150,0
354,0,3468960,3987,54,5,130650,0
355,0,3393550,3834,14,29,374745,0
356,1,5597740,3782,34,1,4000,0
357,0,36108540,3990,67,1,4250,0
358,0,4396650,3991,7,24,360445,0
359,0,4664920,3992,41,5,131345,0
360,0,3030390,3480,19,1,8345,0
361,0,5313720,2014,34,26,366095,0
362,0,3221070,3995,19,27,357645,0
363,0,6399410,1969,9,14,333350,0
364,0,2448850,3997,17,24,360445,0
365,1,3118950,1782,24,22,350050,0
366,0,5828440,3999,11,19,386500,0
367,0,4180660,2264,11,6,186100,0
368,0,3053750,4001,23,23,363935,0
369,0,2316780,4002,21,13,322850,0
370,0,10534850,2668,36,11,295450,0
371,0,8903410,2681,97,13,324045,0
372,0,4758980,4005,23,5,131595,0
373,0,2197290,4006,4,14,353435,0
374,0,8458060,4007,25,27,356450,0
375,0,6664580,2649,22,23,378950,0
376,0,12021980,3546,14,18,341450,0
377,1,6171290,4010,13,26,364900,0
378,1,3372800,2223,16,22,351745,0
379,0,3845840,2033,20,25,358300,0
380,1,5025440,3198,27,5,131400,0
381,0,2525150,4014,10,6,185795,0
382,0,6364710,4015,28,23,379400,0
383,0,2483340,3771,24,29,374300,0
384,0,7444940,4017,32,25,359245,0
385,0,2764550,2298,5,27,357395,0
386,0,3220450,4019,8,19,367445,0
387,0,2596910,1796,6,20,347895,0
388,0,6665240,3746,21,12,303000,0
389,0,2151280,2414,6,19,366250,0
390,0,5243680,4023,10,22,351495,0
391,0,2336030,2229,20,29,375245,0
392,0,3340530,2612,16,21,348195,0
393,0,2232550,4026,12,22,350995,0
394,0,3343920,3779,35,28,376400,0
395,0,3071590,4028,16,11,317100,0
396,0,2659350,4029,9,1,7650,0
397,0,3491050,3601,9,25,358050,0
398,1,6297990,4031,28,5,132345,0
399,0,3031050,4032,33,26,365595,0
400,1,9172750,4033,18,18,340950,0
401,0,5511610,4034,20,19,385835,0
402,0,5217730,4035,43,14,335545,0
403,0,2820900,4036,21,22,351745,0
404,0,2297280,4037,15,23,378950,0
405,0,2684000,4038,14,16,365400,0
406,0,5270980,3306,25,11,297645,0
407,1,2777130,3736,18,23,379650,0
408,0,4846670,1999,18,7,209750,0
409,0,7723830,4042,12,11,296895,0
410,0,8974400,4043,17,15,384135,0
411,0,6567610,2532,21,1,6650,0
412,0,8990470,4045,20,10,305395,0
413,0,4620620,2217,22,8,262145,0
414,0,4617730,4047,13,19,367445,0
415,0,3287940,4048,12,12,303445,0
416,1,2841570,4049,7,23,379700,0
417,0,4589050,4050,6,30,381195,0
418,0,3993060,3154,18,7,210250,0
419,0,7990440,3668,50,16,364900,0
420,0,4568180,4053,7,1,4695,0
421,0,16037490,1634,6,14,334545,0
422,0,5948960,3416,36,23,380645,0
423,0,6309020,3935,26,3,42500,0
424,0,4437950,4057,21,19,367695,0
425,0,11276060,4058,17,28,376400,0
426,0,10264540,4059,34,11,296645,0
427,0,3783830,4060,15,12,302250,0
428,0,1963430,3262,20,24,359750,0
429,0,1987600,1880,24,26,368600,0
430,0,9764330,2621,15,22,350800,0
431,0,15366510,4064,56,23,378900,0
432,1,5585610,2312,12,9,247795,0
433,0,5167390,1987,28,22,351245,0
434,0,2078500,2492,11,1,4500,0
435,0,2525020,4068,16,17,364895,0
436,0,2224960,4069,7,12,303000,0
437,0,6527290,4070,39,13,323600,0
438,0,15152190,3821,38,15,326545,0
439,0,6796410,2051,106,18,341895,0
440,0,3202400,4073,17,24,359000,0
441,0,6803390,4074,20,7,210000,0
442,0,4403400,1803,17,13,324045,0
443,0,3506510,2936,12,22,350800,0
444,0,4592800,4077,21,18,341395,0
445,0,10298150,4078,27,25,359245,0
446,0,3148500,2237,13,4,58200,0
447,0,16260610,2195,89,21,348945,0
448,0,3736050,4081,68,29,374800,0
449,1,1936740,4082,7,22,350800,0
450,0,7332310,2629,16,20,349045,0
451,0,17766460,4084,51,9,248045,0
452,0,7142930,3409,15,23,380845,0
453,0,12303240,4086,20,14,334795,0
454,0,6354530,4087,30,19,366545,0
455,0,6245570,4088,9,18,341450,0
456,0,1941460,4089,3,26,365400,0
457,0,2827730,4090,6,7,209250,0
458,0,2514950,4091,13,9,247045,0
459,0,14022320,1841,15,6,186295,0
460,0,13697240,4093,78,15,325600,0
461,0,4160840,1602,12,10,303950,0
462,1,4626290,4095,62,21,19300,0
463,0,3407410,2773,40,19,366000,0
464,0,2425520,3615,30,28,377345,0
465,0,2706460,3322,7,5,131400,0
466,0,2446520,1932,18,22,350745,0
467,0,4889650,4100,18,25,358995,0
468,0,4892350,4101,16,29,375745,0
469,0,2667750,4102,5,24,360000,0
470,1,4258810,2670,81,6,186545,0
471,0,2573420,2109,39,30,381195,0
472,0,2815800,2210,8,8,261895,0
473,0,5849720,4106,25,1,4750,0
474,0,11326850,4107,50,4,59395,0
475,0,19914730,3916,73,16,366095,0
476,0,10626580,1844,26,23,381145,0
477,1,5690710,4110,25,18,362100,0
478,0,3991130,3344,9,14,335545,0
479,0,24062850,1945,20,25,357550,0
480,0,2911800,4113,42,11,296895,0
481,0,3274970,4114,9,25,358495,0
482,0,4618050,4115,13,3,43445,0
483,1,27186350,4116,71,10,305145,0
484,0,4075400,2954,6,1,5000,0
485,0,5988040,2322,155,1,5945,0
486,1,23529530,3190,125,18,342145,0
487,0,4057270,3542,24,6,185350,0
488,1,3661190,4121,22,22,371200,0
489,0,2281100,4122,17,20,348100,0
490,1,2411980,4123,24,22,350300,0
491,0,7360810,4124,31,16,365595,0
492,0,6234550,3165,28,1,8345,0
493,0,3678160,2620,13,19,366100,0
494,1,5056190,2344,44,27,357200,0
495,0,5081180,2728,21,27,356895,0
496,0,3738330,2445,13,5,132345,0
497,1,1981390,1563,14,22,350550,0
498,0,7583360,4131,32,12,303250,0
499,0,4381950,1000,19,17,365145,0
500,0,9875170,2734,42,8,260450,0
501,1,5746950,4134,51,20,368100,0
502,1,2603520,4135,19,26,365150,0
503,0,2815940,4136,12,20,347600,0
504,0,10838570,2569,33,9,246795,0
505,1,2227170,3931,20,29,374995,0
506,0,2870000,4139,18,29,374800,0
507,0,3398950,4140,28,29,373800,0
508,0,4843870,2945,12,18,341895,0
509,0,11870830,4142,63,3,43000,0
510,0,5307000,4143,18,20,346450,0
511,0,17722700,4144,33,26,365900,0
512,0,19339330,4145,80,24,359945,0
513,0,2986950,3726,7,9,247295,0
514,0,2396000,2691,11,6,300635,0
515,0,10982670,4148,51,13,324545,0
516,0,2907430,4149,8,23,398735,0
517,0,7066660,4150,23,15,326545,0
518,0,3520100,4151,14,14,334795,0
519,0,3298290,4152,14,29,374300,0
520,0,5299690,2959,13,9,345635,0
521,1,2743520,3947,26,28,377095,0
522,0,3575170,4149,18,14,334100,0
523,0,6455900,2694,26,23,379150,0
524,0,2448000,1959,6,6,186545,0
525,0,5801450,2891,27,5,130150,0
526,0,3805000,4003,10,14,335045,0
527,0,3062930,4160,11,20,346950,0
528,1,2725650,4161,8,23,380645,0
529,0,2437500,4162,4,19,365750,0
530,0,4295100,4157,4,19,366100,0
531,0,8709170,4164,48,1,7650,0
532,0,3612590,4165,21,15,324850,0
533,0,2437380,4166,90,23,379150,0
534,0,2497340,4167,22,13,323350,0
535,0,8269890,4168,21,5,131595,0
536,0,2715900,4169,10,28,376150,0
537,0,2271880,4170,27,9,247045,0
538,0,3970950,1725,16,21,347945,0
539,0,6161780,4172,15,15,326045,0
540,0,2300740,4173,6,13,323850,0
541,0,7760200,2823,63,1,3750,0
542,1,33189430,4175,66,4,58645,0
543,0,3629010,4176,20,6,185100,0
544,0,3084330,4177,5,6,185850,0
545,0,12485030,4178,37,13,323100,0
546,0,5601640,3935,10,1,8345,0
547,0,6708860,2213,109,26,365650,0
548,0,2643420,2964,22,24,360000,0
549,1,1991870,4182,16,13,324100,0
550,0,14410060,4183,24,29,375245,0
551,0,5751540,4184,23,6,185600,0
552,0,8263990,1955,42,19,365100,0
553,0,2825680,4186,23,1,8095,0
554,1,7545460,1631,71,23,380345,0
555,0,4333160,4188,17,22,349800,0
556,0,3078920,4189,52,25,357300,0
557,1,6570370,4070,28,4,57700,0
558,0,5567900,4191,20,28,377345,0
559,0,2490950,4192,5,19,366795,0
560,0,5625500,2904,19,21,347750,0
561,0,8417990,4194,34,1,8845,0
562,1,19821100,4195,57,27,388300,0
563,0,3001010,3989,24,5,131845,0
564,1,2747600,3080,8,15,326545,0
565,0,8202100,3052,18,21,347500,0
566,0,2928400,2991,28,17,364450,0
567,1,6626380,3281,55,16,365650,0
568,0,4335090,4201,49,20,347895,0
569,0,29551650,4202,49,23,379845,0
570,0,3378100,3824,10,1,4750,0
571,1,2814760,4204,30,22,349550,0
572,1,3779160,1694,25,7,210000,0
573,0,33766490,4206,16,6,186295,0
574,0,2830540,2090,11,3,62335,0
575,1,2472550,4208,8,11,295950,0
576,0,11379990,2819,31,30,381445,0
577,0,3135910,3945,56,25,357800,0
578,0,9099380,4015,21,1,7845,0
579,0,61777090,2415,77,26,365150,0
580,0,16978550,4213,35,14,334545,0
581,0,2206420,4214,5,18,341700,0
582,1,3770430,3833,13,29,373800,0
583,0,3385910,4216,23,13,324545,0
584,0,29062270,4217,68,13,307435,0
585,0,4235540,2180,18,22,350995,0
586,0,2807680,4219,19,13,324795,0
587,0,18520640,4220,59,30,380250,0
588,0,3979430,2293,35,23,379450,0
589,0,2592480,4222,7,4,58200,0
590,0,15881920,4223,42,7,209500,0
591,0,4059950,3375,19,14,334350,0
592,1,2358700,4225,5,29,375245,0
593,1,3344690,4226,19,15,325350,0
594,0,8419540,4227,52,15,325850,0
595,0,13629770,4228,17,8,261200,0
596,0,3507200,3928,7,13,323350,0
597,1,7661350,4230,22,8,262395,0
598,0,4752160,2190,30,6,184850,0
599,0,2610350,4232,19,1,4695,0
600,0,2205100,4233,11,3,43945,0
601,0,10952590,3781,36,22,350300,0
602,0,2467700,3779,15,21,346750,0
603,0,7065960,3965,17,30,380945,0
604,0,4728660,4237,30,12,303695,0
605,0,3638890,4238,16,22,350550,0
606,1,4317260,4239,25,9,247295,0
607,1,3096770,4240,10,1,5195,0
608,0,3693640,3864,16,28,375650,0
609,0,4909020,4242,13,13,324295,0
610,0,4600450,1712,5,7,210195,0
611,0,2684900,4244,14,26,365150,0
612,1,4193600,3999,7,15,326100,0
613,0,2330810,3756,15,5,130650,0
614,0,2181960,2218,16,14,335045,0
615,0,2717390,4248,18,4,58895,0
616,0,3241100,1000,7,22,350995,0
617,0,2593500,4250,10,21,348695,0
618,0,1995600,3260,12,23,381145,0
619,0,3320060,4252,29,22,350745,0
620,1,6688450,4253,8,24,359000,0
621,0,6476920,2322,36,9,247545,0
622,0,14840160,4255,64,11,295700,0
623,0,2284290,2198,18,22,369635,0
624,0,4090820,4207,28,10,305645,0
625,0,4796170,4258,57,8,261200,0
626,0,7579090,4259,35,14,333600,0
627,0,2731620,4260,14,20,346700,0
628,0,2458900,4049,13,26,366845,0
629,0,2658000,2314,12,20,328035,0
630,1,2420780,4056,23,22,350050,0
631,0,2651050,2776,13,11,296200,0
632,1,6830700,3910,13,4,59145,0
633,0,2576100,3006,8,12,303695,0
634,0,4984000,4267,15,20,347450,0
635,0,4484460,4268,18,20,347450,0
636,0,6292300,4269,16,16,366095,0
637,0,5863540,4270,36,18,341700,0
638,0,4042930,3609,16,8,261895,0
639,0,2341630,3744,20,21,347250,0
640,0,3239700,1712,17,19,367945,0
641,1,2721250,4274,5,17,364395,0
642,0,3271830,4275,15,4,58450,0
643,1,2052400,1000,14,22,350050,0
644,1,6513530,4277,53,3,43695,0
645,0,3716000,3467,30,21,348000,0
646,0,10302930,1783,59,19,365850,0
647,1,9860110,2740,18,10,305645,0
648,1,6553440,3624,32,24,360195,0
649,0,3954250,2537,11,20,348145,0
650,0,8245750,4283,25,3,44445,0
651,1,2583030,3871,12,23,380345,0
652,1,11993460,1699,44,8,260950,0
653,0,4966750,2409,26,9,247545,0
654,0,3443500,4287,18,19,366500,0
655,0,2783500,4288,13,15,326295,0
656,1,3056350,3982,9,20,347350,0
657,0,3598490,4290,23,26,364900,0
658,0,2208550,3688,5,9,246100,0
659,0,3693240,4292,24,11,296200,0
660,0,2925260,1718,51,15,325600,0
661,0,2751050,4294,11,22,350550,0
662,0,3091530,1910,13,12,304195,0
663,0,2355900,3619,8,20,347350,0
664,0,3050750,3778,22,18,342145,0
665,0,5459480,3851,34,14,333850,0
666,0,5228540,4299,18,10,304200,0
667,1,3159030,4300,72,9,267500,0
668,0,4485030,4301,8,24,360945,0
669,1,12595290,1678,20,20,347795,0
670,0,6028500,4303,21,4,57450,0
671,0,2705790,2315,14,18,341200,0
672,1,2360150,4098,9,28,377595,0
673,0,11151760,2695,54,8,251035,0
674,0,9901740,4307,24,12,302500,0
675,0,1994190,4308,9,16,366345,0
676,1,2715020,4309,20,23,379950,0
677,0,2247370,4310,12,5,130900,0
678,0,5603640,4311,7,25,358050,0
679,0,2804800,4041,46,30,380000,0
680,0,5659640,4313,28,9,247100,0
681,0,2873340,1000,9,17,364700,0
682,0,6978490,2525,41,11,296200,0
683,0,5169410,4316,28,23,379895,0
684,0,2915670,4317,14,17,365145,0
685,0,4106220,4318,10,5,131845,0
686,0,3950410,4319,18,21,346750,0
687,0,2512040,4320,25,17,364895,0
688,1,7424550,3438,11,24,359945,0
689,0,4878400,2130,9,19,366250,0
690,0,5332050,2860,20,11,297145,0
691,1,6212780,4324,20,16,365845,0
692,0,5415020,4028,10,19,366945,0
693,0,5127280,4326,42,16,366095,0
694,0,3559700,4327,23,3,42500,0
695,0,2409000,4328,21,26,366345,0
696,1,3289750,4329,6,17,383535,0
697,0,4038700,2147,21,19,366250,0
698,0,3536730,4331,16,26,366095,0
699,0,12130760,4032,22,29,375245,0
700,0,12330050,4333,17,22,350050,0
701,0,2321830,4031,22,25,357995,0
702,0,7159350,2594,30,13,323850,0
703,0,6604940,4336,22,5,131095,0
704,0,7637150,4337,7,23,378650,0
705,0,9316840,3164,26,10,304200,0
706,0,7519320,4339,7,25,358745,0
707,0,5556640,4340,20,20,347100,0
708,0,2332350,2832,18,1,8845,0
709,0,28033570,4342,49,10,304895,0
710,0,25220240,4343,105,27,356700,0
711,0,4458860,4344,28,26,366345,0
712,0,11687390,2727,19,20,347850,0
713,0,22193700,4340,125,26,366845,0
714,0,8968300,4347,55,29,392400,0
715,0,4978470,3017,15,29,374995,0
716,0,5808100,4131,24,19,367000,0
717,0,4334870,4350,22,11,296450,0
718,0,2973140,2607,22,22,350300,0
719,0,3750500,4352,13,3,43695,0
720,0,4068200,4353,22,1,7900,0
721,1,6110900,4242,16,20,347350,0
722,0,4765670,1000,47,12,303195,0
723,0,10910520,4356,127,24,359500,0
724,0,3654150,3107,10,29,374995,0
725,0,2441700,4358,23,11,297145,0
726,0,3825420,4359,27,23,380200,0
727,0,24321940,4360,26,27,357395,0
728,0,3916410,4361,16,15,325600,0
729,1,3268160,4362,20,9,246100,0
730,0,2631910,3490,22,19,366945,0
731,0,3833190,4364,35,4,59645,0
732,0,2304780,3223,29,1,5445,0
733,0,4660550,4366,24,29,373550,0
734,0,12946830,4367,56,1,23835,0
735,0,5257860,4368,11,18,340450,0
736,0,4368510,4369,19,14,333350,0
737,0,6522860,4370,20,25,358745,0
738,0,5315250,4371,55,26,365900,0
739,0,12948370,4229,36,7,210500,0
740,1,2961840,4373,31,13,323600,0
741,0,2873450,2787,14,20,347645,0
742,0,2226700,1000,25,9,247295,0
743,0,4977790,4004,77,17,364200,0
744,0,4473090,4377,19,23,380345,0
745,0,8604810,4301,87,20,348395,0
746,0,7710050,2194,24,15,326295,0
747,0,4313100,4380,17,16,365150,0
748,1,5863050,3248,15,9,246600,0
749,0,9147350,3494,32,19,366500,0
750,0,3995220,4266,47,4,58645,0
751,0,2130000,3274,12,25,358495,0
752,0,3215880,4206,26,3,42750,0
753,0,9856230,4386,43,30,381445,0
754,0,3156960,4387,5,25,357050,0
755,0,5486100,4388,15,16,366595,0
756,0,2341000,2709,6,20,346950,0
757,0,8549360,4295,31,11,297145,0
758,0,4519140,2696,17,14,334295,0
759,0,5491460,4392,6,12,303250,0
760,0,4636320,3798,13,5,130400,0
761,0,3919740,3541,12,19,366545,0
762,0,3312450,4395,14,17,364645,0
763,1,4767900,4396,10,13,325045,0
764,0,6766260,4397,20,7,210945,0
765,0,3689490,2727,22,16,365595,0
766,0,3393470,4399,10,12,303945,0
767,0,3278670,3132,22,17,364450,0
768,0,2910500,2883,27,7,210945,0
769,0,5627300,4402,13,15,346500,0
770,0,2526560,4403,8,22,350300,0
771,0,4728980,4404,26,13,324295,0
772,0,2098900,4126,43,23,380645,0
773,0,3850580,3858,13,20,348295,0
774,0,2321500,4407,10,24,358750,0
775,0,4618350,3196,10,7,211445,0
776,0,2684970,4409,38,1,6900,0
777,0,6754050,4410,60,3,43250,0
778,0,2320650,4411,22,6,185350,0
779,0,5408850,3102,16,26,365650,0
780,1,2479300,3965,10,22,349550,0
781,0,8109610,4414,15,17,364645,0
782,0,7131520,4415,40,6,185350,0
783,0,2386090,4416,12,16,365400,0
784,0,3237430,3045,39,21,348445,0
785,0,5469700,4418,29,23,380895,0
786,0,5046010,4419,26,20,366935,0
787,0,2685840,4420,8,15,324850,0
788,0,2688040,4421,19,20,348645,0
789,1,3279240,4422,13,8,260700,0
790,0,2373580,3099,23,21,348195,0
791,0,54554980,2540,67,27,356950,0
792,0,3897170,4425,22,24,359250,0
793,0,2741500,2871,6,1,5445,0
794,0,10197480,4427,8,6,185850,0
795,0,2321820,2404,15,8,261645,0
796,1,2705520,4429,9,3,43500,0
797,1,7239170,2560,27,17,363950,0
798,0,2923000,4431,25,15,326045,0
799,0,5020390,4432,22,22,350995,0
800,0,6132770,3836,17,22,351245,0
801,0,4744080,4434,33,1,7595,0
802,0,3765600,2586,9,11,296700,0
803,0,5017290,2566,22,20,347850,0
804,0,4272960,4437,9,28,377095,0
805,0,8438570,3194,19,25,358245,0
806,0,4189750,4439,37,20,347600,0
807,0,4152020,4440,17,17,363450,0
808,0,10969780,4064,45,6,206500,0
809,0,3156710,3278,22,30,381000,0
810,0,6558840,2230,14,19,367445,0
811,0,6377190,4444,16,25,377300,0
812,1,2020000,4445,4,19,366750,0
813,0,5640450,1000,30,14,335045,0
814,0,18492730,4447,48,19,367000,0
815,0,7877000,4448,46,4,58395,0
816,0,4594400,2033,14,3,43195,0
817,0,2676560,4450,10,16,366345,0
818,0,13541940,4451,103,5,150235,0
819,0,2853410,2467,16,13,323350,0
820,0,3661450,4453,18,28,375900,0
821,0,1934760,4454,10,29,374745,0
822,0,2464480,3460,26,1,7150,0
823,0,4656740,4456,17,29,375745,0
824,1,10215940,2820,33,5,130400,0
825,0,4378300,4458,10,11,296645,0
826,0,4365690,4459,41,23,379450,0
827,0,4133250,4460,13,19,367195,0
828,0,4331400,4461,57,1,8095,0
829,1,9171990,1924,32,19,366500,0
830,0,3929350,4463,20,27,357145,0
831,1,2747350,3956,10,5,130900,0
832,0,2533910,4465,13,6,187045,0
833,0,3068550,4466,19,30,381945,0
834,0,13156380,4467,54,16,384735,0
835,0,3187870,2746,27,15,326545,0
836,0,5549290,4469,11,23,378650,0
837,0,8585560,4470,48,22,349800,0
838,0,4373260,4471,49,20,348645,0
839,0,4308100,4472,12,3,43945,0
840,0,2666730,2473,16,20,348145,0
841,0,4154320,3075,39,10,304895,0
842,0,4595720,4475,22,23,378900,0
843,0,5248820,4476,30,12,303695,0
844,0,7099720,4477,95,18,341645,0
845,0,3375440,4478,28,24,359250,0
846,0,2103670,4479,9,20,348295,0
847,0,4597910,4480,17,22,351745,0
848,1,2590400,4117,17,1,8345,0
849,1,3956640,4482,13,3,42750,0
850,0,7256870,2880,50,17,363950,0
851,0,3093060,3251,14,1,7400,0
852,0,8203570,4485,11,23,379450,0
853,0,8345480,4486,31,12,303000,0
854,0,7201100,4487,5,24,360695,0
855,1,5713030,4488,32,22,369635,0
856,0,2550090,4489,20,8,261450,0
857,0,6482450,4490,28,9,245850,0
858,0,9613400,3809,19,4,58895,0
859,0,3584510,2386,30,9,246850,0
860,0,17322270,2969,24,24,359250,0
861,0,5977870,2723,17,10,305145,0
862,0,2099160,4495,15,8,261645,0
863,1,9403670,3892,25,20,348545,0
864,0,11968790,2580,32,8,261700,0
865,0,4308510,3419,19,13,323100,0
866,0,3646700,4499,10,16,365900,0
867,0,7068360,4500,55,4,58395,0
868,0,5227410,3835,14,30,381195,0
869,0,11762600,2654,23,19,366000,0
870,0,3076850,3137,18,16,365150,0
871,0,9737900,4504,22,30,380695,0
872,0,13142270,4342,26,18,340700,0
873,1,5753200,4196,22,10,304645,0
874,0,4625320,4507,11,27,356700,0
875,0,2142830,3039,54,22,350495,0
876,0,2592680,3370,13,28,376595,0
877,0,12176290,3874,13,26,364650,0
878,0,2100370,4511,17,8,282100,0
879,0,2627060,2754,11,7,211445,0
880,0,8050550,1000,19,1,8095,0
881,0,3912400,4514,32,3,43445,0
882,0,2903750,4351,20,19,366045,0
883,1,3675140,4094,56,6,186045,0
884,0,5931080,4192,23,4,57450,0
885,1,3799820,4297,12,4,59145,0
886,0,7148160,4519,13,20,348295,0
887,0,20826740,4192,58,20,348795,0
888,0,5585120,4521,57,8,260950,0
889,0,3497770,4522,38,4,58200,0
890,0,10974220,3388,34,27,357645,0
891,0,4317630,4494,15,10,303700,0
892,0,3793940,2624,17,1,5695,0
893,1,3753080,4227,13,19,366545,0
894,0,7758030,4527,68,12,302750,0
895,1,4406360,4201,10,21,348195,0
896,0,2478580,1994,13,17,364700,0
897,0,10269950,4216,6,30,380500,0
898,0,2941950,4531,10,25,357300,0
899,0,7221420,3216,15,16,364650,0
900,0,5492880,4533,13,23,379845,0
901,0,6811000,3296,61,14,335045,0
902,0,10107020,4535,44,28,376150,0
903,1,10207500,4536,33,5,131595,0
904,1,67595760,4537,85,16,365400,0
905,0,2345400,2677,17,24,359500,0
906,0,26063990,2235,71,12,302750,0
907,1,7824690,4333,19,4,58200,0
908,0,4403430,4541,42,13,324545,0
909,0,8738490,4364,6,24,359500,0
910,0,21908650,3431,57,23,379650,0
911,0,3128220,4544,10,7,210695,0
912,0,4506130,4545,31,10,371100,0
913,0,4990980,3033,31,4,58450,0
914,0,2512000,1000,2,20,347700,0
915,0,3038550,4548,32,22,350050,0
916,0,3201040,4549,26,22,351245,0
917,0,5244820,4550,43,17,364200,0
918,0,5579640,4300,10,1,8595,0
919,0,13417320,4552,43,27,356200,0
920,1,4393710,4553,58,29,375495,0
921,0,5731030,3671,24,28,377345,0
922,0,6263830,4434,25,15,327045,0
923,0,3310050,2353,11,11,330035,0
924,0,3461970,2677,15,30,381000,0
925,0,5662130,2870,13,20,347200,0
926,0,5053190,4559,52,6,186795,0
927,0,6837730,4560,15,19,366295,0
928,0,4848670,4561,24,4,58700,0
929,0,4021920,3225,19,28,376650,0
930,0,4483200,4563,27,17,365645,0
931,0,3221500,2760,15,16,365150,0
932,1,5107750,4565,8,18,340450,0
933,0,3314350,4259,7,6,187045,0
934,0,5428000,3370,23,26,366345,0
935,0,4008940,4568,46,30,380750,0
936,0,2832780,4569,14,19,365850,0
937,0,27646380,2898,58,27,358145,0
938,0,13370270,1000,31,22,351245,0
939,0,4939270,2665,36,23,379400,0
940,0,13413850,4573,25,24,360945,0
941,0,3211600,4574,11,12,323900,0
942,0,4468420,4575,17,21,347250,0
943,0,4850970,4576,72,19,387400,0
944,0,10353300,2871,31,13,324295,0
945,1,5056900,4578,36,20,347200,0
946,0,2408260,4175,17,24,360445,0
947,1,5182740,4580,7,15,325100,0
948,0,7976730,4581,22,20,348545,0
949,0,3371800,4582,27,5,131845,0
950,0,4185040,4583,39,26,366095,0
951,0,4730550,4584,33,1,7150,0
952,0,5186400,3810,22,21,348445,0
953,0,3024450,4586,9,26,365845,0
954,0,2563980,4587,3,4,59645,0
955,0,2899260,4588,13,5,131845,0
956,1,5313060,4111,17,1,5445,0
957,0,2655080,4590,26,1,4000,0
958,0,9152350,4591,16,3,44195,0
959,0,15770590,4592,46,22,350495,0
960,0,2242240,4593,9,14,334295,0
961,0,6561750,4333,18,14,333600,0
962,0,24370020,3006,77,19,365600,0
963,0,4168070,3401,78,3,42250,0
964,0,11995390,2560,27,23,380145,0
965,0,19678190,4598,27,14,333850,0
966,0,14169180,4599,43,17,365145,0
967,0,3670360,2718,17,24,360195,0
968,0,6403090,4350,20,30,380250,0
969,0,25952020,4602,42,17,363950,0
970,1,2404530,2591,10,28,377845,0
971,0,5263500,4604,15,12,303945,0
972,0,10345150,4605,34,22,350745,0
973,0,2502780,4606,15,23,380595,0
974,0,14524910,4607,34,1,7845,0
975,0,3504000,4449,17,27,356200,0
976,0,2914450,2722,13,21,347695,0
977,1,3262010,2761,112,10,304700,0
978,0,2323860,4611,10,19,367195,0
979,0,6820320,2120,29,13,325045,0
980,0,2380000,4613,31,1,5000,0
981,0,3001760,4614,34,10,303450,0
982,0,5750260,4281,31,6,185100,0
983,1,3368800,4616,12,4,59145,0
984,0,3199890,2691,22,11,297145,0
985,0,3868900,2518,18,19,365350,0
986,0,2610000,4619,16,26,364650,0
987,0,3189520,4620,25,14,333850,0
988,0,17390590,4615,38,11,297395,0
989,0,6367500,2639,23,7,210445,0
990,0,3631320,4623,22,23,379950,0
991,0,5638220,4624,16,25,358245,0
992,0,5534180,4625,44,10,304450,0
993,0,2279790,4505,17,12,304445,0
994,0,9118590,2826,15,20,348145,0
995,0,13706520,4628,59,23,380395,0
996,0,12731560,4629,35,3,44445,0
997,0,3419010,4630,6,6,186545,0
998,1,4612100,4631,13,8,260700,0
999,1,5165360,3907,28,20,347700,0
1000,1,4323050,2118,16,19,367045,0
